config,overlap_weight,margin_weight,overlap_multiplier,margin_multiplier,seeds,validation_score_mean,validation_score_std,twitter_accesses_mean,twitter_ratio_mean,crimes_accesses_mean,crimes_ratio_mean,arizona_accesses_mean,arizona_ratio_mean
overlap_0x_margin_0x,0.0,0.0,0.0,0.0,3,1.4619097959869445,0.04223294246607001,44737.666666666664,1.1130896262427639,10518.0,1.171882635430999,41990.666666666664,1.1296539898865072
overlap_0x_margin_0.1x,0.0,2e-06,0.0,0.09999999999999999,3,1.4034684943662308,0.04664096653902417,44149.0,1.0985434851756064,10110.666666666666,1.125814414719211,41177.333333333336,1.1074910558694195
overlap_0x_margin_1x,0.0,2e-05,0.0,1.0,3,1.3426656670466421,0.08353775878854142,41739.666666666664,1.0384862367664063,9682.0,1.078922224677896,38929.0,1.0475128469806512
overlap_0x_margin_10x,0.0,0.0002,0.0,10.0,3,1.3552865142865578,0.06082569820431678,41364.666666666664,1.0292091890093937,9749.666666666666,1.0862925467079554,39077.666666666664,1.0517300195842456
overlap_0.1x_margin_0x,1e-05,0.0,0.1,0.0,3,1.4016358608341761,0.06947713877894901,41989.333333333336,1.0448087113213942,10146.666666666666,1.1306664354563776,39991.666666666664,1.0761579577558098
overlap_0.1x_margin_0.1x,1e-05,2e-06,0.1,0.09999999999999999,3,1.4144154353954483,0.02458775311082498,43133.333333333336,1.0731976395599985,10228.0,1.1391805676685403,40524.0,1.0899479783355557
overlap_0.1x_margin_1x,1e-05,2e-05,0.1,1.0,3,1.3488580440306484,0.08263805708650808,41624.333333333336,1.0356476296884534,9640.0,1.0747743137643668,38843.666666666664,1.0451503538193863
overlap_0.1x_margin_10x,1e-05,0.0002,0.1,10.0,3,1.3482414227913153,0.06389907780121631,41468.333333333336,1.0317829027412462,9665.666666666666,1.0768983930993805,39203.333333333336,1.0550647352883187
overlap_1x_margin_0x,0.0001,0.0,1.0,0.0,3,1.4040096863185572,0.05163621818273136,41809.333333333336,1.0403037488671376,10194.666666666666,1.135919333494024,38695.333333333336,1.0408611515332378
overlap_1x_margin_0.1x,0.0001,2e-06,1.0,0.09999999999999999,3,1.3667352345097032,0.04748958559168157,41338.666666666664,1.0285688761514475,9895.333333333334,1.1024104096381138,38696.666666666664,1.0409186126695105
overlap_1x_margin_1x,0.0001,2e-05,1.0,1.0,3,1.3170593439888305,0.03352163197204009,40568.333333333336,1.0094026453902725,9505.333333333334,1.0589532330512978,38251.0,1.028917452808822
overlap_1x_margin_10x,0.0001,0.0002,1.0,10.0,3,1.3117535045067277,0.04619480266407979,40767.0,1.0143339475588986,9463.0,1.0532243192978559,37568.0,1.0104010229273757
overlap_10x_margin_0x,0.001,0.0,10.0,0.0,3,1.3767780697960614,0.050491697894037804,41392.0,1.0299175237761455,9983.0,1.1123215770120292,38334.0,1.0312388126202146
overlap_10x_margin_0.1x,0.001,2e-06,10.0,0.09999999999999999,3,1.3890501545451437,0.049176074242688814,41096.0,1.0225381929640356,10020.666666666666,1.1164583850220648,38962.666666666664,1.0479076888266616
overlap_10x_margin_1x,0.001,2e-05,10.0,1.0,3,1.3296683033225096,0.029077342554485953,42028.0,1.045728383644047,9338.0,1.0392971448280293,38358.0,1.03181194208432
overlap_10x_margin_10x,0.001,0.0002,10.0,10.0,3,1.3303887604545288,0.0681243055890124,41515.0,1.0329577348507513,9386.333333333334,1.0463722144903516,38964.333333333336,1.048378109852126
