config,overlap_weight,margin_weight,fraction_best_action_changed_vs_hit_only,fraction_best_action_changed_vs_current
overlap_0x_margin_0x,0.0,0.0,0.0,0.3081
overlap_0x_margin_0.1x,0.0,2e-06,0.14556666666666668,0.2352
overlap_0x_margin_1x,0.0,2e-05,0.30283333333333334,0.1292
overlap_0x_margin_10x,0.0,0.0002,0.3596,0.15026666666666666
overlap_0.1x_margin_0x,1e-05,0.0,0.0958,0.2526
overlap_0.1x_margin_0.1x,1e-05,2e-06,0.17673333333333333,0.1935
overlap_0.1x_margin_1x,1e-05,2e-05,0.3007,0.11373333333333334
overlap_0.1x_margin_10x,1e-05,0.0002,0.3590333333333333,0.14823333333333333
overlap_1x_margin_0x,0.0001,0.0,0.1909,0.16273333333333334
overlap_1x_margin_0.1x,0.0001,2e-06,0.23703333333333335,0.12403333333333333
overlap_1x_margin_1x,0.0001,2e-05,0.3081,0.0
overlap_1x_margin_10x,0.0001,0.0002,0.35373333333333334,0.12883333333333333
overlap_10x_margin_0x,0.001,0.0,0.26126666666666665,0.1993
overlap_10x_margin_0.1x,0.001,2e-06,0.2717333333333333,0.17533333333333334
overlap_10x_margin_1x,0.001,2e-05,0.3031333333333333,0.1221
overlap_10x_margin_10x,0.001,0.0002,0.33913333333333334,0.0852
