dataset,capacity,method,seconds
twitter,128,WAHARP_LODO,571.2062596720002
twitter,128,WAHARP_ALL_DOMAIN,694.2326610209999
twitter,128,PLATON,15938.97090695121
twitter,128,STR,96.44013570700008
twitter,128,TGS,244.714063937
twitter,256,WAHARP_LODO,373.39467071700005
twitter,256,WAHARP_ALL_DOMAIN,441.31569684700025
twitter,256,PLATON,12839.070686689105
twitter,256,STR,98.90099735199988
twitter,256,TGS,254.3209947129999
twitter,512,WAHARP_LODO,267.55411166700014
twitter,512,WAHARP_ALL_DOMAIN,332.38423141899966
twitter,512,PLATON,8317.519683626948
twitter,512,STR,94.09259439900006
twitter,512,TGS,208.8175816009998
crimes,128,WAHARP_LODO,293.28089376499975
crimes,128,WAHARP_ALL_DOMAIN,350.132357952
crimes,128,PLATON,8595.9845058318
crimes,128,STR,49.492378540000004
crimes,128,TGS,115.07540879999999
crimes,256,WAHARP_LODO,187.28915596799925
crimes,256,WAHARP_ALL_DOMAIN,224.23094567299995
crimes,256,PLATON,7147.523191478963
crimes,256,STR,54.338621308999905
crimes,256,TGS,113.00609955200002
crimes,512,WAHARP_LODO,134.2388208909997
crimes,512,WAHARP_ALL_DOMAIN,159.32566986100005
crimes,512,PLATON,4546.269680858929
crimes,512,STR,52.08147929000006
crimes,512,TGS,113.32066991200008
arizona,128,WAHARP_LODO,55.39666163899983
arizona,128,WAHARP_ALL_DOMAIN,69.20790963599998
arizona,128,PLATON,1586.2432557510206
arizona,128,STR,10.152635552999982
arizona,128,TGS,23.3071358200001
arizona,256,WAHARP_LODO,36.03443007599981
arizona,256,WAHARP_ALL_DOMAIN,42.12864974799999
arizona,256,PLATON,948.1274784250029
arizona,256,STR,9.658606523000003
arizona,256,TGS,18.979652209999927
arizona,512,WAHARP_LODO,25.609750909000468
arizona,512,WAHARP_ALL_DOMAIN,29.614141571000005
arizona,512,PLATON,614.611809703998
arizona,512,STR,9.990654408999944
arizona,512,TGS,18.443740896999998
