dataset,capacity,query_family,left_method,right_method,queries,left_total_accesses,right_total_accesses,access_ratio,bootstrap_ci_low,bootstrap_ci_high,strict_wins,ties,losses,strict_win_rate
twitter,128,all,WAHARP_LODO,PLATON,6000,4315820,4228888,1.020556704268356,1.0192962533897847,1.0220592956525667,538,551,4911,0.08966666666666667
twitter,128,all,WAHARP_LODO,STR,6000,4315820,4468679,0.965793246729067,0.9637705007537782,0.968062805625603,4901,296,803,0.8168333333333333
twitter,128,all,WAHARP_LODO,TGS,6000,4315820,5912344,0.7299676744113671,0.7182612426789328,0.7404908010830699,3273,510,2217,0.5455
twitter,128,all,WAHARP_LODO,WAHARP_ALL_DOMAIN,6000,4315820,4303335,1.0029012382257017,1.0021040051719632,1.0036893218899374,2115,842,3043,0.3525
twitter,256,all,WAHARP_LODO,PLATON,6000,2201108,2147514,1.024956298305855,1.023337608624242,1.0266084271410154,774,1000,4226,0.129
twitter,256,all,WAHARP_LODO,STR,6000,2201108,2301809,0.9562513657736155,0.9533164466189892,0.9591138591488353,4779,436,785,0.7965
twitter,256,all,WAHARP_LODO,TGS,6000,2201108,3433628,0.641044399684532,0.6292195831373005,0.6536629664232573,3507,856,1637,0.5845
twitter,256,all,WAHARP_LODO,WAHARP_ALL_DOMAIN,6000,2201108,2186312,1.0067675610800288,1.0053899899833139,1.0080909704553136,1974,1212,2814,0.329
twitter,512,all,WAHARP_LODO,PLATON,6000,1143771,1105288,1.0348171698236115,1.0329394232618034,1.036994183857219,712,1050,4238,0.11866666666666667
twitter,512,all,WAHARP_LODO,STR,6000,1143771,1211165,0.9443560538820062,0.9406831078973807,0.9476014774316739,4647,440,913,0.7745
twitter,512,all,WAHARP_LODO,TGS,6000,1143771,2301905,0.4968801927099511,0.48202076356652235,0.5130649229999035,3374,822,1804,0.5623333333333334
twitter,512,all,WAHARP_LODO,WAHARP_ALL_DOMAIN,6000,1143771,1128627,1.0134180734644838,1.0118311471514179,1.0150730042970113,1704,1151,3145,0.284
crimes,128,all,WAHARP_LODO,PLATON,6000,333076,290029,1.1484230887256102,1.093508191283596,1.2677976263521613,128,4261,1611,0.021333333333333333
crimes,128,all,WAHARP_LODO,STR,6000,333076,303744,1.0965681626632955,1.0627325948434976,1.1865510120851646,1425,4034,541,0.2375
crimes,128,all,WAHARP_LODO,TGS,6000,333076,289809,1.149294880421243,1.0976744508364087,1.2839055824648642,166,4189,1645,0.027666666666666666
crimes,128,all,WAHARP_LODO,WAHARP_ALL_DOMAIN,6000,333076,295544,1.1269929350621228,1.079509819415887,1.2650635735095275,568,4377,1055,0.09466666666666666
crimes,256,all,WAHARP_LODO,PLATON,6000,186424,151662,1.229207052524693,1.1460485975228907,1.45546767939234,157,4366,1477,0.026166666666666668
crimes,256,all,WAHARP_LODO,STR,6000,186424,162475,1.1474011386367133,1.0972556579750827,1.2573713130748525,1431,4041,528,0.2385
crimes,256,all,WAHARP_LODO,TGS,6000,186424,152220,1.224701090526869,1.1465139296239408,1.4436864414607813,238,4212,1550,0.03966666666666667
crimes,256,all,WAHARP_LODO,WAHARP_ALL_DOMAIN,6000,186424,155910,1.1957154768776859,1.1257373251456697,1.373903233172807,521,4420,1059,0.08683333333333333
crimes,512,all,WAHARP_LODO,PLATON,6000,92922,85483,1.087023150801914,1.0636643879487802,1.1372648210050103,152,4401,1447,0.025333333333333333
crimes,512,all,WAHARP_LODO,STR,6000,92922,94527,0.9830207242375194,0.958240510249109,0.9972995431245361,1639,4066,295,0.27316666666666667
crimes,512,all,WAHARP_LODO,TGS,6000,92922,86887,1.0694580316963411,1.045575117532486,1.1277459263917542,242,4324,1434,0.04033333333333333
crimes,512,all,WAHARP_LODO,WAHARP_ALL_DOMAIN,6000,92922,86970,1.0684373922042083,1.0515165861679039,1.0980140782776189,393,4596,1011,0.0655
arizona,128,all,WAHARP_LODO,PLATON,6000,553598,521446,1.0616593089217292,1.0555270775366248,1.0684195122497293,578,618,4804,0.09633333333333334
arizona,128,all,WAHARP_LODO,STR,6000,553598,623827,0.8874223141992892,0.8774579071435347,0.8965169489225882,5015,380,605,0.8358333333333333
arizona,128,all,WAHARP_LODO,TGS,6000,553598,600610,0.921726244984266,0.9104236020459147,0.9313626023404555,2120,593,3287,0.35333333333333333
arizona,128,all,WAHARP_LODO,WAHARP_ALL_DOMAIN,6000,553598,535047,1.034671720428299,1.0314605657244782,1.0383470295613868,1200,864,3936,0.2
arizona,256,all,WAHARP_LODO,PLATON,6000,301853,278737,1.0829312219045193,1.0744157868193205,1.0919175597544108,592,779,4629,0.09866666666666667
arizona,256,all,WAHARP_LODO,STR,6000,301853,351573,0.8585784460126347,0.8451261405860513,0.8698059092407278,5095,424,481,0.8491666666666666
arizona,256,all,WAHARP_LODO,TGS,6000,301853,367665,0.8210000951953544,0.8053296181628454,0.8371051779507198,2405,607,2988,0.4008333333333333
arizona,256,all,WAHARP_LODO,WAHARP_ALL_DOMAIN,6000,301853,288953,1.0446439386336186,1.0404936496021857,1.0499443133681015,1119,940,3941,0.1865
arizona,512,all,WAHARP_LODO,PLATON,6000,208137,154809,1.3444760963509874,1.3107375357140798,1.381607895356066,692,894,4414,0.11533333333333333
arizona,512,all,WAHARP_LODO,STR,6000,208137,205144,1.0145897515891276,0.9871754659218624,1.040074663566493,3701,542,1757,0.6168333333333333
arizona,512,all,WAHARP_LODO,TGS,6000,208137,230427,0.9032665442851749,0.876274010422154,0.9288196232287146,2300,630,3070,0.38333333333333336
arizona,512,all,WAHARP_LODO,WAHARP_ALL_DOMAIN,6000,208137,162026,1.2845901275103995,1.2537699542076388,1.3196122997708049,1169,958,3873,0.19483333333333333
